<?xml version="1.0" encoding="UTF-8"?>
<project-private xmlns="http://www.netbeans.org/ns/project-private/1">
    <editor-bookmarks xmlns="http://www.netbeans.org/ns/editor-bookmarks/2" lastBookmarkId="0"/>
    <open-files xmlns="http://www.netbeans.org/ns/projectui-open-files/2">
        <group>
            <file>file:/C:/Users/Carlos%20Rafael/Documents/NetBeansProjects/TrabalhoIA/src/trabalhoia/RedesNeurais.java</file>
            <file>file:/C:/Users/Carlos%20Rafael/Documents/NetBeansProjects/TrabalhoIA/src/trabalhoia/Main.java</file>
            <file>file:/C:/Users/Carlos%20Rafael/Documents/NetBeansProjects/TrabalhoIA/src/trabalhoia/Perceptron.java</file>
            <file>file:/C:/Users/Carlos%20Rafael/Documents/NetBeansProjects/TrabalhoIA/src/trabalhoia/Neuronio.java</file>
            <file>file:/C:/Users/Carlos%20Rafael/Documents/NetBeansProjects/TrabalhoIA/src/trabalhoia/Partition.java</file>
            <file>file:/C:/Users/Carlos%20Rafael/Documents/NetBeansProjects/TrabalhoIA/src/trabalhoia/TrabalhoIA.java</file>
        </group>
    </open-files>
</project-private>
